id,first_name,last_name,email,username,password
1,Pooh,Betho,pbetho0@npr.org,pbetho0,L0aLWaC82Bx
2,Sauveur,Raspin,sraspin1@hubpages.com,sraspin1,eE2RyiAWzy
3,Arlen,Fredy,afredy2@fda.gov,afredy2,KvaDYNL5pjw
4,Zachery,Lodewick,zlodewick3@tumblr.com,zlodewick3,YZmVk4
5,Ira,Figgs,ifiggs4@deviantart.com,ifiggs4,qt6on1Lqz
6,Valry,Crothers,vcrothers5@infoseek.co.jp,vcrothers5,2DlbkBdsWozE
7,Kimmy,Trayes,ktrayes6@wix.com,ktrayes6,zTroCN
8,Francois,Trowle,ftrowle7@flavors.me,ftrowle7,1Y5e3ba
9,Tani,Watling,twatling8@globo.com,twatling8,Im9GsLdQRPfD
10,Kellie,Strawbridge,kstrawbridge9@google.co.jp,kstrawbridge9,2O2yi5y3Jxz
11,Berty,Suche,bsuchea@hostgator.com,bsuchea,783iIoB
12,Isobel,Lyle,ilyleb@webeden.co.uk,ilyleb,SiTcXB3egX4x
13,Chery,Diemer,cdiemerc@slideshare.net,cdiemerc,fLMrAMKwdkl
14,Shirline,Gossipin,sgossipind@earthlink.net,sgossipind,zKQ1X4SEQVyw
15,Yard,Joss,yjosse@homestead.com,yjosse,rDa7BnCgyTX
16,Mirelle,Vaud,mvaudf@samsung.com,mvaudf,lefltORT
17,Del,Awdry,dawdryg@mozilla.org,dawdryg,tVoi9CmRSjir
18,Henri,Coopland,hcooplandh@ask.com,hcooplandh,S0NEhLi
19,Mina,Derington,mderingtoni@hhs.gov,mderingtoni,Tji6t4c
20,Morganica,Sandiford,msandifordj@mail.ru,msandifordj,yfzsC6
21,Godfree,Jobbing,gjobbingk@google.com.au,gjobbingk,tzjqP5Q
22,Joy,Calterone,jcalteronel@vkontakte.ru,jcalteronel,25LL6fdQFCC
23,Ginevra,Klimshuk,gklimshukm@google.it,gklimshukm,MzdwJclexY14
24,Bertram,Jukubczak,bjukubczakn@slate.com,bjukubczakn,rFhAR0
